{
  "epoch": [
    1,
    2,
    3,
    4,
    5,
    6,
    7,
    8,
    9,
    10,
    11,
    12,
    13,
    14,
    15,
    16,
    17,
    18,
    19,
    20,
    21,
    22,
    23,
    24,
    25,
    26,
    27,
    28,
    29,
    30,
    31,
    32,
    33,
    34,
    35,
    36,
    37,
    38,
    39,
    40,
    41,
    42,
    43,
    44,
    45,
    46,
    47,
    48,
    49,
    50
  ],
  "espr_train_acc": [
    0.25508145849495734,
    0.28549262994569435,
    0.2400310318076028,
    0.31636927851047325,
    0.31885182311869664,
    0.3311093871217998,
    0.22280837858805275,
    0.27757951900698213,
    0.2577191621411947,
    0.2643910007757952,
    0.24049650892164467,
    0.19627618308766487,
    0.2560124127230411,
    0.18681148176881304,
    0.29495733126454615,
    0.265166795965865,
    0.28533747090768036,
    0.299922420480993,
    0.24887509697439875,
    0.26423584173778125,
    0.19550038789759502,
    0.30938712179984484,
    0.2755624515128006,
    0.2605120248254461,
    0.30116369278510474,
    0.2699767261442979,
    0.2117920868890613,
    0.22420480993017844,
    0.23553141970519784,
    0.1860356865787432,
    0.2501163692785105,
    0.2574088440651668,
    0.2504266873545384,
    0.2673390224980605,
    0.2408068269976726,
    0.2665632273079907,
    0.2577191621411947,
    0.2623739332816137,
    0.2282389449185415,
    0.2496508921644686,
    0.2735453840186191,
    0.28332040341349884,
    0.26764934057408846,
    0.27276958882854924,
    0.23397982932505818,
    0.24499612102404966,
    0.24282389449185415,
    0.278200155159038,
    0.23118696664080682,
    0.22234290147401087
  ],
  "espr_val_acc": [
    0.25950054288816504,
    0.2953311617806732,
    0.250814332247557,
    0.2931596091205212,
    0.31596091205211724,
    0.32247557003257327,
    0.2008686210640608,
    0.23669923995656894,
    0.249728555917481,
    0.26492942453854507,
    0.250814332247557,
    0.1997828447339848,
    0.24647122692725298,
    0.19543973941368079,
    0.30618892508143325,
    0.24321389793702497,
    0.28447339847991315,
    0.30618892508143325,
    0.22366992399565688,
    0.2779587404994571,
    0.19218241042345277,
    0.2899022801302932,
    0.26167209554831705,
    0.2703583061889251,
    0.28230184581976114,
    0.24647122692725298,
    0.1986970684039088,
    0.23887079261672095,
    0.20955483170466885,
    0.16720955483170466,
    0.24647122692725298,
    0.24538545059717698,
    0.24538545059717698,
    0.26058631921824105,
    0.256243213897937,
    0.2768729641693811,
    0.254071661237785,
    0.248642779587405,
    0.2182410423452769,
    0.2671009771986971,
    0.2290988056460369,
    0.254071661237785,
    0.26275787187839306,
    0.2681867535287731,
    0.23995656894679696,
    0.249728555917481,
    0.23995656894679696,
    0.28013029315960913,
    0.23127035830618892,
    0.2008686210640608
  ],
  "espr_f1": [
    0.2785271270338516,
    0.30953485057588925,
    0.2697024825974806,
    0.2942786887797863,
    0.3161709488918657,
    0.3188927164052403,
    0.2126075971437059,
    0.2551074731942661,
    0.2621070674853075,
    0.27554239731835556,
    0.27847379049787385,
    0.23201713781955133,
    0.26403349718305474,
    0.21470413229759738,
    0.3060720476391377,
    0.2562277117438624,
    0.2994973648590942,
    0.30417681474300456,
    0.24610491781742763,
    0.2886826966415966,
    0.21605930009081775,
    0.30036917881935715,
    0.2762606256258484,
    0.2803838184504736,
    0.2808110854822768,
    0.2580038942851121,
    0.21367401171107592,
    0.25942396626374725,
    0.23477745883175116,
    0.17605225840049826,
    0.2753704483407109,
    0.2654686962944513,
    0.26341208465719873,
    0.27627577526766856,
    0.2725606688399168,
    0.298340180756298,
    0.2723833514735852,
    0.26637179767894636,
    0.2427693855795362,
    0.2929352726448127,
    0.24937447161824333,
    0.26329934986972814,
    0.2767494146156427,
    0.2767680954785227,
    0.258655580955503,
    0.27416379145176906,
    0.26927536699138477,
    0.2968756265213144,
    0.2636572963724336,
    0.22354168410905145
  ],
  "rohs_train_acc": [
    0.4451512800620636,
    0.34972847168347554,
    0.31233514352211017,
    0.4373933281613654,
    0.347711404189294,
    0.3394879751745539,
    0.4197051978277735,
    0.26066718386346005,
    0.2885958107059736,
    0.35190069821567105,
    0.33002327385570207,
    0.24328937160589603,
    0.22498060512024826,
    0.260822342901474,
    0.2156710628394104,
    0.27835531419705195,
    0.53033359193173,
    0.2330488750969744,
    0.2754072924747867,
    0.3104732350659426,
    0.21970519782777348,
    0.3050426687354538,
    0.3290923196276183,
    0.36446858029480217,
    0.31543832428238944,
    0.29619860356865785,
    0.28052754072924746,
    0.30395655546935607,
    0.38076027928626843,
    0.23475562451512802,
    0.3534522885958107,
    0.34026377036462374,
    0.26470131885182313,
    0.29107835531419707,
    0.2687354538401862,
    0.34228083785880525,
    0.33638479441427466,
    0.25942591155934835,
    0.3964313421256788,
    0.17874321179208688,
    0.22684251357641583,
    0.3309542280837859,
    0.36105508145849496,
    0.17641582622187743,
    0.3148176881303336,
    0.25321955003878976,
    0.3978277734678045,
    0.37114041892940264,
    0.22451512800620635,
    0.1273855702094647
  ],
  "rohs_val_acc": [
    0.4516829533116178,
    0.3344191096634093,
    0.33659066232356133,
    0.4223669923995657,
    0.36156351791530944,
    0.3583061889250814,
    0.46471226927252984,
    0.25841476655808904,
    0.30510314875135724,
    0.3333333333333333,
    0.33767643865363733,
    0.26601520086862107,
    0.21064060803474485,
    0.2909880564603692,
    0.23344191096634093,
    0.28013029315960913,
    0.5439739413680782,
    0.23561346362649294,
    0.2703583061889251,
    0.2909880564603692,
    0.23235613463626492,
    0.3007600434310532,
    0.33984799131378934,
    0.38762214983713356,
    0.3300760043431053,
    0.28013029315960913,
    0.2942453854505972,
    0.3355048859934853,
    0.3963083604777416,
    0.21389793702497287,
    0.32138979370249726,
    0.3583061889250814,
    0.2725298588490771,
    0.31378935939196523,
    0.2953311617806732,
    0.3268186753528773,
    0.3496199782844734,
    0.26384364820846906,
    0.4201954397394137,
    0.1780673181324647,
    0.2280130293159609,
    0.33767643865363733,
    0.36156351791530944,
    0.1780673181324647,
    0.3279044516829533,
    0.2703583061889251,
    0.4017372421281216,
    0.3572204125950054,
    0.23887079261672095,
    0.12269272529858849
  ],
  "rohs_f1": [
    0.5529235303173485,
    0.4476594179562768,
    0.4397844341642108,
    0.537564832089425,
    0.46358331039473266,
    0.47382426862951105,
    0.5706217589324407,
    0.35325071119805884,
    0.41503773934967536,
    0.4508072484423577,
    0.4467571479785306,
    0.37337099012654185,
    0.2834211571458226,
    0.39604243058402955,
    0.313705094148739,
    0.3789400654962663,
    0.6288295102589375,
    0.32467347773078103,
    0.3527111604213399,
    0.3894314181571049,
    0.32273646071694295,
    0.40554769032273663,
    0.4516356700872062,
    0.4845419127710041,
    0.43956741961052115,
    0.37614993284552645,
    0.40297920403969173,
    0.4430597179016932,
    0.49960915709844905,
    0.29339482262287003,
    0.42434272586700716,
    0.46225403558888595,
    0.3816380220516085,
    0.41087097522706156,
    0.4096626963466959,
    0.4329275246160847,
    0.45922650029368456,
    0.37135032200903306,
    0.524867637898574,
    0.2417370219758928,
    0.30960311394548923,
    0.44027810443427834,
    0.4753329533746049,
    0.24162416516202143,
    0.4254049053814351,
    0.3718784148063641,
    0.5069210138489775,
    0.4659311370631005,
    0.3148555126777358,
    0.1535303979382234
  ],