{
  "epoch": [
    1,
    2,
    3,
    4,
    5,
    6,
    7,
    8,
    9,
    10,
    11
  ],
  "espr_train_f1": [
    0.8200809476664196,
    0.8217682882908045,
    0.8251987739637607,
    0.8295141116969794,
    0.832976521508685,
    0.8365546097940744,
    0.8390327677345676,
    0.8423861335872503,
    0.8451086496065843,
    0.8473792724941869,
    0.8497134770577284
  ],
  "espr_val_f1": [
    0.84748457034891,
    0.8471380936683357,
    0.8460824351507085,
    0.8448180489894629,
    0.845867540487925,
    0.8466891728787841,
    0.8460436148371782,
    0.84504975170445,
    0.8441456228231068,
    0.8434945202137738,
    0.84328281795585
  ],
  "espr_val_acc": [
    0.7707149009474591,
    0.772609819121447,
    0.7756244616709733,
    0.780275624461671,
    0.7867355727820844,
    0.7919035314384152,
    0.7928509905254091,
    0.7953488372093023,
    0.7963824289405684,
    0.7975021533161069,
    0.7986218776916452
  ],
  "rohs_train_f1": [
    0.8452809030449011,
    0.8892628881852387,
    0.9134314085925813,
    0.9272727584411439,
    0.9344622454605599,
    0.9404953614024658,
    0.9451836170278362,
    0.9519258034424056,
    0.9559644904149526,
    0.959136492770045,
    0.9617176621122293
  ],
  "rohs_val_f1": [
    0.928738512367846,
    0.9289819054436949,
    0.9297233978237417,
    0.9312325367701869,
    0.9333201743544937,
    0.9352051788052994,
    0.9372230687927887,
    0.9395262879761694,
    0.9416804240346006,
    0.9439748749215984,
    0.9454178995004068
  ],
  "rohs_val_acc": [
    0.8843238587424634,
    0.8856158484065461,
    0.8871662360034454,
    0.889922480620155,
    0.8937984496124031,
    0.8977605512489233,
    0.9013781223083549,
    0.9058570198105081,
    0.9099052540913006,
    0.9142118863049096,
    0.9171403962101636
  ],
  "reach_train_f1": [
    0.9279967588524932,
    0.9281522873703665,
    0.9289911693680692,
    0.9305382295102307,
    0.9331268391941935,
    0.9368645636247914,
    0.9413637901086331,
    0.9452591884751907,
    0.9481595529960382,
    0.9504796621129438,
    0.952665314266582
  ],
  "reach_val_f1": [
    0.9253297748812392,
    0.9254390878744527,
    0.925458613313941,
    0.9264728921777715,
    0.9278129719334698,
    0.9311223629787998,
    0.9352294983690771,
    0.9373342682557912,
    0.9386154188050885,
    0.9408551882254041,
    0.9420921797893301
  ],
  "reach_val_acc": [
    0.8849267872523686,
    0.885099052540913,
    0.8856158484065461,
    0.8882859603789837,
    0.8917312661498707,
    0.899052540913006,
    0.9070628768303187,
    0.9118001722652885,
    0.9153316106804479,
    0.9207579672695951,
    0.9243755383290267
  ],
  "circ_train_r2": [
    0.6087104301520313,
    0.8353136390433186,
    0.9254839684994103,
    0.9610076905865907,
    0.9763738848470594,
    0.9835013826556226,
    0.9876035787087373,
    0.990220919662851,
    0.9921647398228891,
    0.9935605981072163,
    0.9946136860367942
  ],
  "circ_val_r2": [
    0.6078392600610771,
    0.8344862676503557,
    0.9245970109590386,
    0.9600210613098005,
    0.9753949960911922,
    0.9825349563888683,
    0.9863752896451419,
    0.9889370839369743,
    0.9908763930421307,
    0.9923395453848272,
    0.9934572589105835
  ],
  "circ_val_mae": [
    2.7660944122540685,
    1.7389339847355978,
    1.1077407214697126,
    0.742201474954691,
    0.513852547821194,
    0.3793519557786116,
    0.307666438645484,
    0.26137980952390294,
    0.22602607254137105,
    0.20248679735562305,
    0.18702532009790454
  ],
  "carbon_train_r2": [
    0.6408369594078647,
    0.8709706388101448,
    0.9536420648547341,
    0.9833362623665216,
    0.9940064576173016,
    0.9978427141825501,
    0.9992227931107744,
    0.9997194083089601,
    0.9998982293722692,
    0.9999625792802243,
    0.9999857697943317
  ],
  "carbon_val_r2": [
    0.6404796157750381,
    0.8707120804285924,
    0.953498143542847,
    0.9832419242640044,
    0.9939423285176727,
    0.9978056366661472,
    0.9991998725763015,
    0.9997047662175249,
    0.9998890724054602,
    0.9999560567393342,
    0.9999808585253589
  ],
  "carbon_val_mae": [
    0.603318446160756,
    0.3614817617330083,
    0.21662756186873983,
    0.12985657172040183,
    0.07787647686736582,
    0.04670616435441906,
    0.028045182377956758,
    0.016851388998962602,
    0.010140518359700984,
    0.006137943228771841,
    0.00375771571642343
  ]
}