{
  "epoch": [
    1,
    2,
    3
  ],
  "espr_train_f1": [
    0.8200809476664196,
    0.8217682882908045,
    0.8251987739637607
  ],
  "espr_val_f1": [
    0.84748457034891,
    0.8471380936683357,
    0.8460824351507085
  ],
  "espr_val_acc": [
    0.7707149009474591,
    0.772609819121447,
    0.7756244616709733
  ],
  "rohs_train_f1": [
    0.8452809030449011,
    0.8892628881852387,
    0.9134314085925813
  ],
  "rohs_val_f1": [
    0.928738512367846,
    0.9289819054436949,
    0.9297233978237417
  ],
  "rohs_val_acc": [
    0.8843238587424634,
    0.8856158484065461,
    0.8871662360034454
  ],
  "reach_train_f1": [
    0.9279967588524932,
    0.9281522873703665,
    0.9289911693680692
  ],
  "reach_val_f1": [
    0.9253297748812392,
    0.9254390878744527,
    0.925458613313941
  ],
  "reach_val_acc": [
    0.8849267872523686,
    0.885099052540913,
    0.8856158484065461
  ],
  "circ_train_r2": [
    0.6087104301520313,
    0.8353136390433186,
    0.9254839684994103
  ],
  "circ_val_r2": [
    0.6078392600610771,
    0.8344862676503557,
    0.9245970109590386
  ],
  "circ_val_mae": [
    2.7660944122540685,
    1.7389339847355978,
    1.1077407214697126
  ],
  "carbon_train_r2": [
    0.6408369594078647,
    0.8709706388101448,
    0.9536420648547341
  ],
  "carbon_val_r2": [
    0.6404796157750381,
    0.8707120804285924,
    0.953498143542847
  ],
  "carbon_val_mae": [
    0.603318446160756,
    0.3614817617330083,
    0.21662756186873983
  ]
}