{
  "epoch": [
    1,
    2,
    3,
    4,
    5,
    6,
    7,
    8,
    9,
    10,
    11,
    12,
    13,
    14,
    15,
    16,
    17,
    18,
    19,
    20,
    21,
    22,
    23,
    24,
    25,
    26,
    27,
    28,
    29,
    30,
    31,
    32,
    33,
    34,
    35,
    36,
    37,
    38,
    39,
    40,
    41,
    42,
    43,
    44,
    45,
    46,
    47,
    48,
    49,
    50,
    51
  ],
  "espr_train_f1": [
    0.8200809476664196,
    0.8217682882908045,
    0.8251987739637607,
    0.8295141116969794,
    0.832976521508685,
    0.8365546097940744,
    0.8390327677345676,
    0.8423861335872503,
    0.8451086496065843,
    0.8473792724941869,
    0.8497134770577284,
    0.8518361276233707,
    0.854109026713472,
    0.8560351272120547,
    0.858145937338498,
    0.8600287541575427,
    0.8620011285165621,
    0.8638990407774471,
    0.8656679286235798,
    0.8669295887296528,
    0.8687265260894492,
    0.8700868776919355,
    0.8717641859340283,
    0.8733832927791384,
    0.874667474759115,
    0.8761715920784396,
    0.8775020979451218,
    0.8790852648193723,
    0.8805587951095437,
    0.8819636087282294,
    0.8834013139735041,
    0.8843618315182165,
    0.885574177132155,
    0.8865943401830637,
    0.8879484541604636,
    0.8890161763089273,
    0.8904387782667921,
    0.8913206158418502,
    0.892589547621303,
    0.8938923627958061,
    0.8949790325918036,
    0.8959883427375249,
    0.8972013551519396,
    0.8982730826463884,
    0.8994240899991782,
    0.9004957045046346,
    0.9015026659022088,
    0.902902932882005,
    0.9038991726836589,
    0.904759349087948,
    0.9059516494174241
  ],
  "espr_val_f1": [
    0.84748457034891,
    0.8471380936683357,
    0.8460824351507085,
    0.8448180489894629,
    0.845867540487925,
    0.8466891728787841,
    0.8460436148371782,
    0.84504975170445,
    0.8441456228231068,
    0.8434945202137738,
    0.84328281795585,
    0.8432889153555092,
    0.8429353081565787,
    0.8431873116187206,
    0.8427501150356524,
    0.8422913907709326,
    0.8424600180095774,
    0.8420835778196198,
    0.8411776546434124,
    0.8405125473705979,
    0.8408994027099775,
    0.840587576854868,
    0.8411017870903722,
    0.8410119835935667,
    0.8413087169565702,
    0.8400078701736148,
    0.8398439162667493,
    0.83980502305784,
    0.8401765120152327,
    0.8395046952665481,
    0.8392654928392502,
    0.8386608599255574,
    0.8393085390316918,
    0.839392739418888,
    0.8388549220546768,
    0.8384073263810654,
    0.8384491903713185,
    0.8384281536141844,
    0.8385506799706854,
    0.838556103664578,
    0.8383512995426704,
    0.8391192250535044,
    0.8387096810290956,
    0.8388237745781203,
    0.8397461379798392,
    0.8397171477781606,
    0.8394204031845225,
    0.8393113903422247,
    0.8395145031293589,
    0.8393735095884789,
    0.8388769553078383
  ],
  "espr_val_acc": [
    0.7707149009474591,
    0.772609819121447,
    0.7756244616709733,
    0.780275624461671,
    0.7867355727820844,
    0.7919035314384152,
    0.7928509905254091,
    0.7953488372093023,
    0.7963824289405684,
    0.7975021533161069,
    0.7986218776916452,
    0.7994832041343669,
    0.8004306632213609,
    0.8013781223083548,
    0.802411714039621,
    0.8025839793281654,
    0.8035314384151594,
    0.8037898363479759,
    0.8039621016365203,
    0.8037037037037037,
    0.8047372954349699,
    0.8052540913006029,
    0.8062015503875969,
    0.8068906115417743,
    0.8077519379844961,
    0.8068044788975022,
    0.8069767441860465,
    0.8071490094745909,
    0.8084409991386735,
    0.8083548664944014,
    0.808182601205857,
    0.808182601205857,
    0.8090439276485788,
    0.8094745908699397,
    0.8092161929371232,
    0.8089577950043066,
    0.8092161929371232,
    0.8096468561584841,
    0.8101636520241171,
    0.810594315245478,
    0.8106804478897502,
    0.8118001722652886,
    0.8116279069767441,
    0.812489233419466,
    0.8137812230835486,
    0.813953488372093,
    0.8137812230835486,
    0.8142118863049096,
    0.8145564168819983,
    0.8147286821705426,
    0.814470284237726
  ],
  "rohs_train_f1": [
    0.8452809030449011,
    0.8892628881852387,
    0.9134314085925813,
    0.9272727584411439,
    0.9344622454605599,
    0.9404953614024658,
    0.9451836170278362,
    0.9519258034424056,
    0.9559644904149526,
    0.959136492770045,
    0.9617176621122293,
    0.9645134297025421,
    0.966744787127397,
    0.9698079914670609,
    0.9719705666437637,
    0.9740340742690822,
    0.9760463728229274,
    0.977751396512141,
    0.9793034434211445,
    0.9808026138167791,
    0.9817686936968191,
    0.9831983377031719,
    0.9844086564826007,
    0.9851735522102815,
    0.9861014592132713,
    0.9870918563636526,
    0.987793759538093,
    0.9885016096213178,
    0.9889902767505012,
    0.9896353975778577,
    0.9901117523133347,
    0.9904749087974544,
    0.9910072764411078,
    0.9913643455691958,
    0.9917149903027089,
    0.9920030071239796,
    0.9921594437852922,
    0.9924034697388269,
    0.9927101344662461,
    0.9929104455587678,
    0.9931544477135034,
    0.9932983777507122,
    0.9934984764361099,
    0.9936988772402718,
    0.9937989932221934,
    0.9939679204268931,
    0.9941431097046173,
    0.9943120250114604,
    0.9943871528019995,
    0.9944996612325412,
    0.9946560538947676
  ],
  "rohs_val_f1": [
    0.928738512367846,
    0.9289819054436949,
    0.9297233978237417,
    0.9312325367701869,
    0.9333201743544937,
    0.9352051788052994,
    0.9372230687927887,
    0.9395262879761694,
    0.9416804240346006,
    0.9439748749215984,
    0.9454178995004068,
    0.9473067826961957,
    0.9488652760201278,
    0.9506339518417315,
    0.9520213001852132,
    0.953198598872601,
    0.9552353714200782,
    0.95651905923925,
    0.957794145919535,
    0.9589327405051048,
    0.9602684179748356,
    0.9613211531870146,
    0.9626835722922604,
    0.9631683506891789,
    0.9635754034567425,
    0.9646571630425523,
    0.9657050917591591,
    0.9661417734547144,
    0.9667737479514146,
    0.9684879059377857,
    0.9689089897536836,
    0.9693375011520856,
    0.9698092387821847,
    0.9704056457604319,
    0.9705700882912479,
    0.9706562147798621,
    0.9707350493001645,
    0.971208195171981,
    0.971546592891987,
    0.9717626268926624,
    0.9713604269614307,
    0.9717907764534587,
    0.9720262654835905,
    0.9726428096882974,
    0.9729279250005942,
    0.9732185640174138,
    0.9732832065997078,
    0.973297384003432,
    0.973261595918511,
    0.9733095553517442,
    0.9733154374146434
  ],
  "rohs_val_acc": [
    0.8843238587424634,
    0.8856158484065461,
    0.8871662360034454,
    0.889922480620155,
    0.8937984496124031,
    0.8977605512489233,
    0.9013781223083549,
    0.9058570198105081,
    0.9099052540913006,
    0.9142118863049096,
    0.9171403962101636,
    0.920671834625323,
    0.924031007751938,
    0.9273040482342808,
    0.9299741602067183,
    0.932213608957795,
    0.9361757105943153,
    0.9385874246339363,
    0.9414298018949182,
    0.9438415159345392,
    0.9465116279069767,
    0.9485788113695091,
    0.9510766580534022,
    0.9522825150732127,
    0.9534883720930233,
    0.9557278208440999,
    0.9580534022394488,
    0.9590008613264427,
    0.9603789836347976,
    0.9638242894056848,
    0.9646856158484065,
    0.9655469422911284,
    0.9664082687338501,
    0.9677002583979328,
    0.9684754521963824,
    0.9688199827734711,
    0.9690783807062877,
    0.9699397071490095,
    0.9705426356589147,
    0.9710594315245478,
    0.970714900947459,
    0.9714900947459087,
    0.9719207579672696,
    0.9730404823428079,
    0.973557278208441,
    0.9740740740740741,
    0.9743324720068907,
    0.974504737295435,
    0.9745908699397071,
    0.9746770025839794,
    0.9748492678725237
  ],