{
  "epoch": [
    1,
    2,
    3,
    4,
    5,
    6,
    7,
    8,
    9,
    10,
    11,
    12,
    13,
    14,
    15,
    16,
    17,
    18,
    19,
    20,
    21,
    22,
    23,
    24,
    25,
    26,
    27,
    28,
    29,
    30,
    31
  ],
  "espr_train_f1": [
    0.8200809476664196,
    0.8217682882908045,
    0.8251987739637607,
    0.8295141116969794,
    0.832976521508685,
    0.8365546097940744,
    0.8390327677345676,
    0.8423861335872503,
    0.8451086496065843,
    0.8473792724941869,
    0.8497134770577284,
    0.8518361276233707,
    0.854109026713472,
    0.8560351272120547,
    0.858145937338498,
    0.8600287541575427,
    0.8620011285165621,
    0.8638990407774471,
    0.8656679286235798,
    0.8669295887296528,
    0.8687265260894492,
    0.8700868776919355,
    0.8717641859340283,
    0.8733832927791384,
    0.874667474759115,
    0.8761715920784396,
    0.8775020979451218,
    0.8790852648193723,
    0.8805587951095437,
    0.8819636087282294,
    0.8834013139735041
  ],
  "espr_val_f1": [
    0.84748457034891,
    0.8471380936683357,
    0.8460824351507085,
    0.8448180489894629,
    0.845867540487925,
    0.8466891728787841,
    0.8460436148371782,
    0.84504975170445,
    0.8441456228231068,
    0.8434945202137738,
    0.84328281795585,
    0.8432889153555092,
    0.8429353081565787,
    0.8431873116187206,
    0.8427501150356524,
    0.8422913907709326,
    0.8424600180095774,
    0.8420835778196198,
    0.8411776546434124,
    0.8405125473705979,
    0.8408994027099775,
    0.840587576854868,
    0.8411017870903722,
    0.8410119835935667,
    0.8413087169565702,
    0.8400078701736148,
    0.8398439162667493,
    0.83980502305784,
    0.8401765120152327,
    0.8395046952665481,
    0.8392654928392502
  ],
  "espr_val_acc": [
    0.7707149009474591,
    0.772609819121447,
    0.7756244616709733,
    0.780275624461671,
    0.7867355727820844,
    0.7919035314384152,
    0.7928509905254091,
    0.7953488372093023,
    0.7963824289405684,
    0.7975021533161069,
    0.7986218776916452,
    0.7994832041343669,
    0.8004306632213609,
    0.8013781223083548,
    0.802411714039621,
    0.8025839793281654,
    0.8035314384151594,
    0.8037898363479759,
    0.8039621016365203,
    0.8037037037037037,
    0.8047372954349699,
    0.8052540913006029,
    0.8062015503875969,
    0.8068906115417743,
    0.8077519379844961,
    0.8068044788975022,
    0.8069767441860465,
    0.8071490094745909,
    0.8084409991386735,
    0.8083548664944014,
    0.808182601205857
  ],
  "rohs_train_f1": [
    0.8452809030449011,
    0.8892628881852387,
    0.9134314085925813,
    0.9272727584411439,
    0.9344622454605599,
    0.9404953614024658,
    0.9451836170278362,
    0.9519258034424056,
    0.9559644904149526,
    0.959136492770045,
    0.9617176621122293,
    0.9645134297025421,
    0.966744787127397,
    0.9698079914670609,
    0.9719705666437637,
    0.9740340742690822,
    0.9760463728229274,
    0.977751396512141,
    0.9793034434211445,
    0.9808026138167791,
    0.9817686936968191,
    0.9831983377031719,
    0.9844086564826007,
    0.9851735522102815,
    0.9861014592132713,
    0.9870918563636526,
    0.987793759538093,
    0.9885016096213178,
    0.9889902767505012,
    0.9896353975778577,
    0.9901117523133347
  ],
  "rohs_val_f1": [
    0.928738512367846,
    0.9289819054436949,
    0.9297233978237417,
    0.9312325367701869,
    0.9333201743544937,
    0.9352051788052994,
    0.9372230687927887,
    0.9395262879761694,
    0.9416804240346006,
    0.9439748749215984,
    0.9454178995004068,
    0.9473067826961957,
    0.9488652760201278,
    0.9506339518417315,
    0.9520213001852132,
    0.953198598872601,
    0.9552353714200782,
    0.95651905923925,
    0.957794145919535,
    0.9589327405051048,
    0.9602684179748356,
    0.9613211531870146,
    0.9626835722922604,
    0.9631683506891789,
    0.9635754034567425,
    0.9646571630425523,
    0.9657050917591591,
    0.9661417734547144,
    0.9667737479514146,
    0.9684879059377857,
    0.9689089897536836
  ],
  "rohs_val_acc": [
    0.8843238587424634,
    0.8856158484065461,
    0.8871662360034454,
    0.889922480620155,
    0.8937984496124031,
    0.8977605512489233,
    0.9013781223083549,
    0.9058570198105081,
    0.9099052540913006,
    0.9142118863049096,
    0.9171403962101636,
    0.920671834625323,
    0.924031007751938,
    0.9273040482342808,
    0.9299741602067183,
    0.932213608957795,
    0.9361757105943153,
    0.9385874246339363,
    0.9414298018949182,
    0.9438415159345392,
    0.9465116279069767,
    0.9485788113695091,
    0.9510766580534022,
    0.9522825150732127,
    0.9534883720930233,
    0.9557278208440999,
    0.9580534022394488,
    0.9590008613264427,
    0.9603789836347976,
    0.9638242894056848,
    0.9646856158484065
  ],
  "reach_train_f1": [
    0.9279967588524932,
    0.9281522873703665,
    0.9289911693680692,
    0.9305382295102307,
    0.9331268391941935,
    0.9368645636247914,
    0.9413637901086331,
    0.9452591884751907,
    0.9481595529960382,
    0.9504796621129438,
    0.952665314266582,
    0.9546383596517616,
    0.9566314560918971,
    0.9583912450591878,
    0.9597662752980319,
    0.9613147033464249,
    0.9622976023393321,
    0.9634467277115801,
    0.9644504441366284,
    0.9650393814337338,
    0.9656466250531152,
    0.9663615589563009,
    0.9672450905960644,
    0.967895001324832,
    0.9682986474628571,
    0.9686935578886674,
    0.9690189677676573,
    0.9696706286563558,
    0.9699971948440983,
    0.9704315157840272,
    0.9708282096796068
  ],
  "reach_val_f1": [
    0.9253297748812392,
    0.9254390878744527,
    0.925458613313941,
    0.9264728921777715,
    0.9278129719334698,
    0.9311223629787998,
    0.9352294983690771,
    0.9373342682557912,
    0.9386154188050885,
    0.9408551882254041,
    0.9420921797893301,
    0.9425891481263482,
    0.9438503221550536,
    0.9448912433212424,
    0.9463010604206561,
    0.9463593099290897,
    0.9470253491239733,
    0.9481870363879944,
    0.9487281885010476,
    0.9488956858843507,
    0.9495790549425341,
    0.9495868010989239,
    0.9501921586225748,
    0.950541052297638,
    0.9508026821648697,
    0.9509991235272168,
    0.9506841501924024,
    0.9510112202178445,
    0.9512887867628177,
    0.9508915980018111,
    0.9511046133687705
  ],
  "reach_val_acc": [
    0.8849267872523686,
    0.885099052540913,
    0.8856158484065461,
    0.8882859603789837,
    0.8917312661498707,
    0.899052540913006,
    0.9070628768303187,
    0.9118001722652885,
    0.9153316106804479,
    0.9207579672695951,
    0.9243755383290267,
    0.9269595176571921,
    0.9300602928509906,
    0.9328165374677002,
    0.9359173126614987,
    0.9372093023255814,
    0.9387596899224806,
    0.9414298018949182,
    0.9428079242032731,
    0.9434969853574505,
    0.945219638242894,
    0.9459086993970715,
    0.9474590869939707,
    0.9482342807924203,
    0.9490094745908699,
    0.9496985357450474,
    0.9498708010335918,
    0.9503875968992248,
    0.9508182601205857,
    0.9508182601205857,
    0.9513350559862188
  ],
  "circ_train_r2": [
    0.6087104301520313,
    0.8353136390433186,
    0.9254839684994103,
    0.9610076905865907,
    0.9763738848470594,
    0.9835013826556226,
    0.9876035787087373,
    0.990220919662851,
    0.9921647398228891,
    0.9935605981072163,
    0.9946136860367942,
    0.9954610066162589,
    0.9961876811201754,
    0.9965206719608561,
    0.9969521878793155,
    0.9971667993957336,
    0.9974352032060426,
    0.9976479925532674,
    0.9978047583578268,
    0.9979512733821042,
    0.9980602359832244,
    0.9981915289146471,
    0.9983238037846458,
    0.9983926063936336,
    0.9984496433228369,
    0.9984980298911107,
    0.9985456158603677,
    0.9986187547139336,
    0.9986939668298148,
    0.9987511361813736,
    0.9987799891831062
  ],